Access	200	Windows	host	38168
AdminPanel	200	Linux	host	214269
Air	200	Linux	host	184331
Algernon	100	Windows	host	239
Amaterasu	100	Linux	host	49068
Apex	200	Linux	host	15705
Arin	200	Linux	host	37509
Assertion101	200	Linux	host	409
Assignment	100	Linux	host	40962
Astronaut	100	Linux	host	49479
AuthBy	200	Windows	host	199
BBSCute	100	Linux	host	579
BTRSys2.1	200	Linux	host	114
BackupBuddy	200	Linux	host	182192
BadCorp	300	Linux	host	614
Banzai	200	Linux	host	289
Billyboss	200	Windows	host	259
BitForge	200	Linux	host	191804
Bitest	200	Linux	host	192874
BlackGate	300	Linux	host	38163
Blogger	100	Linux	host	40267
Boolean	200	Linux	host	42552
Born2Root	200	Linux	host	99
BossPlayersCTF	100	Linux	host	74
Bossline	200	Linux	host	215376
Bottleneck	200	Linux	host	64
Bottleup	200	Linux	host	49053
Bratarina	100	Linux	host	159
Breakout	200	Linux	host	37034
BrokenGallery	200	Linux	host	54
Bunyip	300	Linux	host	15787
Butch	200	Windows	host	299
CVE-2023-33831	200	Linux	host	150724
CVE-2023-40582	200	Linux	host	150728
CVE-2023-46818	100	Linux	host	185272
CVE-2023-6019	200	Linux	host	150732
CVE-2024-12029	200	Linux	host	208390
CVE-2024-25180	200	Linux	host	187293
CVE-2024-27292	200	Linux	host	182754
CVE-2024-32880	200	Linux	host	217230
CVE-2024-35374	200	Linux	host	212199
CVE-2024-36401_Attack	200	Linux	host	219032
CVE-2024-3673	200	Linux	host	218008
CVE-2024-39914	200	Linux	host	211397
CVE-2024-40453	200	Linux	host	185275
CVE-2024-46507_Attack	200	Linux	host	217228
CVE-2024-46986_Attack	200	Linux	host	216832
CVE-2024-48061	200	Linux	host	189005
CVE-2024-48573	200	Linux	host	211122
CVE-2024-48914_Attack	200	Linux	host	217833
CVE-2024-51482	200	Linux	host	189003
CVE-2024-5334	200	Linux	host	239824
CVE-2024-55415	200	Linux	host	211372
CVE-2024-55963	200	Linux	host	210759
CVE-2024-56145	200	Linux	host	192261
CVE-2025-10952	200	Linux	host	243309
CVE-2025-21624	200	Linux	host	208092
CVE-2025-27136	200	Linux	host	218821
CVE-2025-27520	200	Linux	host	211070
CVE-2025-27636	200	Linux	host	213425
CVE-2025-2945_attack	200	Linux	host	246562
CVE-2025-30208	200	Linux	host	211068
CVE-2025-31131	200	Linux	host	211145
CVE-2025-32101_Attack	200	Linux	host	215378
CVE-2025-32375	200	Linux	host	215228
CVE-2025-50817	200	Linux	host	237595
CVE-2025-50946	200	Linux	host	236358
CVE-2025-5880_Attack	200	Linux	host	238525
Cassios	200	Linux	host	537
Catto	200	Linux	host	649
Charlotte	200	Linux	host	37044
ChatRoom	200	Linux	host	185974
Chatty	200	Linux	host	27666
ClamAV	100	Linux	host	179
Clipper	200	Linux	host	191977
Clone	200	Linux	host	209319
Clue	300	Linux	host	43691
Cobbles	100	Linux	host	40218
Cobweb	200	Linux	host	17388
Cockpit	200	Linux	host	49474
Codo	100	Linux	host	50406
Cold Access	300		download	218766
ColdBoxEasy	100	Linux	host	207264
Compromised	100	Windows	host	17336
Confusion	200	Linux	host	184492
Convertex	200	Linux	host	207343
CookieCutter	300	Linux	host	487
Covfefe	100	Linux	host	104
Craft	200	Windows	host	28375
Craft2	300	Windows	host	38075
Crane	200	Linux	host	52178
CyberSploit1	100	Linux	host	425
DC-1	100	Linux	host	37495
DC-2	100	Linux	host	37499
DC-4	200	Linux	host	37504
DC-9	200	Linux	host	39643
DC5	200	Linux	host	44
DVR4	200	Windows	host	36048
Dawn	100	Linux	host	129
Dawn2	200	Linux	host	134
Dawn3	200	Linux	host	139
Deception	200	Linux	host	119
Deployer	300	Linux	host	17393
Depreciated	200	Linux	host	34626
DepthB2R	200	Linux	host	69
Detection	100	Linux	host	184328
DevArmor	200	Linux	host	242016
Develop	300	Linux	host	634
Devnal	200	Linux	host	188804
Dibble	200	Linux	host	477
Djinn3	300	Linux	host	435
DocsGPT	200	Linux	host	211393
DriftingBlues6	100	Linux	host	40277
ERP	200	Linux	host	42226
Educated	200	Linux	host	49484
Election1	200	Linux	host	39653
Emporium	300	Linux	host	40957
Escape	300	Linux	host	502
EvilBox-One	100	Linux	host	39648
Exfiltrated	100	Linux	host	17398
Exghost	100	Linux	host	37039
Expanse Surveyor	200		download	218778
Extplorer	200	Linux	host	49489
Fail	200	Linux	host	569
Fanatastic	100	Linux	host	37029
Fikklish	100	Linux	host	207269
Fired	200	Linux	host	183351
First Tracks	100		download	218758
Fish	200	Windows	host	27733
Five86.2	200	Linux	host	34
Flasky	200	Linux	host	659
Flimsy	100	Linux	host	40299
Flower	300	Linux	host	40213
Flu	200	Linux	host	150748
Forward	200	Linux	host	17373
Fowsniff	100	Linux	host	89
Fractal	100	Linux	host	42557
Funbox	200	Linux	host	359
FunboxEasy	100	Linux	host	497
FunboxEasyEnum	100	Linux	host	609
FunboxRookie	100	Linux	host	467
Fuxa	200	Linux	host	207364
G00g	200	Linux	host	9549
GLPI	100	Linux	host	49045
GRPC	200	Linux	host	207785
Gaara	100	Linux	host	664
Geisha	100	Linux	host	339
Gitroot	300	Linux	host	379
GlasgowSmile	300	Linux	host	374
Glider	300	Linux	host	40972
GourmetDelight	200	Linux	host	212733
Gradle	300	Linux	host	207273
Graph	100	Linux	host	38788
Groove	200	Linux	host	181023
HAWordy	200	Linux	host	59
Ha-natraj	100	Linux	host	349
Hallucination	200	Linux	host	40228
Hasura	200	Linux	host	207234
Hawat	100	Linux	host	15710
Heist	300	Windows	host	27692
Hepet	200	Windows	host	11601
Hetemit	200	Linux	host	527
Hub	100	Linux	host	50416
Hunit	200	Linux	host	574
Hutch	200	Windows	host	604
ICMP	200	Linux	host	40272
Illusion	200	Linux	host	38798
Inclusiveness	100	Linux	host	149
Infilo	200	Linux	host	212274
InfosecPrep	100	Linux	host	399
Injecto	300	Linux	host	33405
InsanityHosting	300	Linux	host	559
Interface	100	Linux	host	462
Internal	100	Windows	host	169
InvokeAI_RCE	200	Linux	host	209077
JISCTF	100	Linux	host	49
Jacko	200	Windows	host	264
Jordak	200	Linux	host	185720
Katana	100	Linux	host	344
Keights	200	Linux	host	185871
Kevin	100	Windows	host	189
KeyVault	200	Linux	host	39633
Kyoto	200	Windows	host	52223
LaVita	200	Linux	host	150736
Lampiao	100	Linux	host	94
LazySysAdmin	100	Linux	host	109
Leaked	200	Linux	host	213578
Levram	100	Linux	host	50411
Leyla	200	Linux	host	187309
Living Off the Vault	400		download	246714
Loly	200	Linux	host	532
Lunar	200	Linux	host	40223
MZEEAV	200	Linux	host	150716
Mailserver_phase2	200	Windows	host	54415
Malbec	200	Linux	host	584
Mantis	200	Linux	host	38803
Maria	200	Linux	host	27697
Markers	200	Linux	host	150720
Marketing	200	Linux	host	40967
Marshalled	200	Linux	host	43696
Matrimony	200	Linux	host	38183
Matt	200	Linux	host	207756
MediTrack	200	Linux	host	215966
Medjed	200	Windows	host	589
Megavolt	300	Linux	host	512
MiddlewareBypass	200	Linux	host	208704
Moneybox	100	Linux	host	42547
Monitoring	100	Linux	host	629
Monster	100	Windows	host	37024
Muddy	100	Linux	host	17383
Muon_phase2	200	Windows	host	54411
My-CMSMS	200	Linux	host	324
MyForum	200	Linux	host	207201
Nagoya	300	Windows	host	50426
Nappa	200	Linux	host	507
Needle	200	Linux	host	216334
Nibbles	200	Linux	host	209
Nickel	200	Windows	host	452
NoName	200	Linux	host	144
Nukem	200	Linux	host	457
NullByte	200	Linux	host	84
Ochima	200	Linux	host	150712
OnSystemShellDredd	100	Linux	host	594
Orbiton_phase2	200	Windows	host	54413
Osaka	300	Windows	host	50421
Outdated	100	Linux	host	207206
Panic	200	Windows	host	15780
Passport	200	Linux	host	187346
Pathway	200	Linux	host	208461
PayDay	200	Linux	host	164
Pebbles	100	Linux	host	304
Pelican	200	Linux	host	440
Peppo	300	Linux	host	249
Phobos	300	Linux	host	599
Photographer	100	Linux	host	364
Pier	200	Linux	host	191946
Pipe	200	Linux	host	181018
PlanetExpress	100	Linux	host	39628
Postfish	200	Linux	host	639
Potato	100	Linux	host	445
Powergrid	300	Linux	host	334
Precision	200	Linux	host	212205
ProStore	200	Linux	host	49058
PwnLab	100	Linux	host	29
Pwned1	200	Linux	host	414
PyExp	100	Linux	host	522
Quackerjack	200	Linux	host	274
RPC1	200	Linux	host	43686
Rayeih	200	Linux	host	207259
Readys	200	Linux	host	32746
Reconstruction	200	Linux	host	492
Resourced	200	Windows	host	36043
Robust	100	Windows	host	38783
Rookie Mistake	200	Linux	host	40304
Roquefort	200	Linux	host	229
RubyDome	100	Linux	host	50401
RussianDolls	200	Linux	host	187438
SPX	200	Linux	host	185717
Sar	100	Linux	host	124
Scarecrow1.1	200	Linux	host	24
Scarlet	200	Linux	host	40952
Scrutiny	200	Linux	host	182260
Sea	200	Linux	host	213074
Seppuku	100	Linux	host	384
Serialrunning	200	Linux	host	183348
Shakabrah	100	Linux	host	369
Shenzi	200	Windows	host	284
Shiftdel	200	Linux	host	34362
Shifty	300	Linux	host	254
Silicon	200	Linux	host	191980
Sirol	300	Linux	host	279
SkillForge	200	Linux	host	211143
Slort	200	Windows	host	269
Snookums	200	Linux	host	294
SoSimple	200	Linux	host	389
Solstice	100	Linux	host	319
Sona	200	Linux	host	17368
Sorcerer	200	Linux	host	472
Source	200	Linux	host	42973
Spaghetti	200	Linux	host	17378
SpiderSociety	200	Linux	host	208506
Splodge	200	Linux	host	552
SpringAuth_attack	200	Linux	host	216390
Squid	100	Windows	host	38173
Stapler	200	Linux	host	15769
SugarVale	200	Linux	host	246565
Sumo	100	Linux	host	329
SunsetDecoy	100	Linux	host	419
SunsetMidnight	200	Linux	host	394
SunsetNoontide	100	Linux	host	547
SunsetTwilight	100	Linux	host	404
Surf	200	Linux	host	29929
Sybaris	200	Linux	host	430
Symbolic	200	Windows	host	38080
Synapse	300	Linux	host	15775
Ted	300	Linux	host	39
Thor	300	Linux	host	39638
Tico	300	Linux	host	7963
Tre	200	Linux	host	354
Trusted Trouble	300		download	219170
Truth Restored	200		download	243542
Tutorial	100		download	218749
Tutorial	100		download	241363
Tux	200	Linux	host	245238
Twiggy	100	Linux	host	244
UC404	200	Linux	host	482
USV2017	200	Linux	host	79
Upsploit	300	Linux	host	43701
Validator	200	Linux	host	49063
Vanity	200	Linux	host	42542
Vault	300	Windows	host	33015
Vector	300	Windows	host	564
Vegeta1	100	Linux	host	314
VoIP	200	Linux	host	17331
Walla	200	Linux	host	619
WallpaperHub	200	Linux	host	192392
Wheels	100	Linux	host	38793
Wombo	100	Linux	host	219
Wpwn	100	Linux	host	542
XposedAPI	200	Linux	host	624
Y0usef	200	Linux	host	644
Zab	200	Linux	host	207758
ZenPhoto	200	Linux	host	174
Zino	200	Linux	host	234
Zipper	300	Linux	host	42231
bullyBox	200	Linux	host	52203
cacti	200	Linux	host	192657
carryover	200	Linux	host	188659
dev_working	200	Linux	host	192634
filebrowser	200	Linux	host	213910
flink	200	Linux	host	213582
flow	200	Linux	host	185281
image	200	Linux	host	52183
law	200	Linux	host	52188
midnight	200	Windows	host	150740
nara	200	Windows	host	52218
pc	200	Linux	host	52193
plum	200	Linux	host	52208
press	200	Linux	host	52213
pyLoader	200	Linux	host	52198
sshcontrol	200	Linux	host	214566
vmdak	200	Linux	host	185278
workaholic	200	Linux	host	211082